SET expand_fast_index_creation=ON;
CREATE TABLE idx (a INT PRIMARY KEY);
CREATE TABLE t (a INT PRIMARY KEY AUTO_INCREMENT, b FLOAT, c VARCHAR(15), d VARCHAR(17), z VARCHAR(1)) ENGINE=InnoDB;
INSERT INTO t (b) VALUES (RAND());
INSERT INTO t (b) SELECT RAND() FROM t;
INSERT INTO t (b) SELECT RAND() FROM t;
INSERT INTO t (b) SELECT RAND() FROM t;
INSERT INTO t (b) SELECT RAND() FROM t;
INSERT INTO t (b) SELECT RAND() FROM t;
INSERT INTO t (b) SELECT RAND() FROM t;
INSERT INTO t (b) SELECT RAND() FROM t;
ALTER TABLE t ADD KEY k1(b), ADD KEY k2(a,b), ADD KEY k3(a,b,d), ADD UNIQUE KEY k4(a,c,d);
INSERT INTO idx (a) SELECT i.INDEX_ID FROM
INFORMATION_SCHEMA.INNODB_SYS_INDEXES i,
INFORMATION_SCHEMA.INNODB_SYS_TABLES t
WHERE
t.NAME = 'test/t' AND i.TABLE_ID = t.TABLE_ID;
SELECT i.NAME, i.TYPE, i.N_FIELDS, f.NAME, f.POS FROM
INFORMATION_SCHEMA.INNODB_SYS_FIELDS f,
INFORMATION_SCHEMA.INNODB_SYS_INDEXES i,
INFORMATION_SCHEMA.INNODB_SYS_TABLES t
WHERE
t.NAME = 'test/t' AND i.TABLE_ID = t.TABLE_ID AND
f.INDEX_ID = i.INDEX_ID
ORDER BY
i.NAME, f.NAME;
NAME	TYPE	N_FIELDS	NAME	POS
k1	0	1	b	0
k2	0	2	a	0
k2	0	2	b	1
k3	0	3	a	0
k3	0	3	b	1
k3	0	3	d	2
k4	2	3	a	0
k4	2	3	c	1
k4	2	3	d	2
PRIMARY	3	1	a	0
TRUNCATE TABLE performance_schema.events_stages_history_long;
ALTER TABLE t MODIFY COLUMN z VARCHAR(2);
SELECT COUNT(*)
FROM performance_schema.events_stages_history_long e,
performance_schema.threads t
WHERE
e.EVENT_NAME = 'stage/sql/restoring secondary keys' AND
e.THREAD_ID = t.THREAD_ID AND 
t.PROCESSLIST_ID = CONNECTION_ID();
COUNT(*)
1
INSERT INTO idx (a) SELECT i.INDEX_ID FROM
INFORMATION_SCHEMA.INNODB_SYS_INDEXES i,
INFORMATION_SCHEMA.INNODB_SYS_TABLES t
WHERE
t.NAME = 'test/t' AND i.TABLE_ID = t.TABLE_ID;
SELECT i.NAME, i.TYPE, i.N_FIELDS, f.NAME, f.POS FROM
INFORMATION_SCHEMA.INNODB_SYS_FIELDS f,
INFORMATION_SCHEMA.INNODB_SYS_INDEXES i,
INFORMATION_SCHEMA.INNODB_SYS_TABLES t
WHERE
t.NAME = 'test/t' AND i.TABLE_ID = t.TABLE_ID AND
f.INDEX_ID = i.INDEX_ID
ORDER BY
i.NAME, f.NAME;
NAME	TYPE	N_FIELDS	NAME	POS
k1	0	1	b	0
k2	0	2	a	0
k2	0	2	b	1
k3	0	3	a	0
k3	0	3	b	1
k3	0	3	d	2
k4	2	3	a	0
k4	2	3	c	1
k4	2	3	d	2
PRIMARY	3	1	a	0
SELECT COUNT(DISTINCT a) FROM idx;
COUNT(DISTINCT a)
10
DROP TABLE idx;
DROP TABLE t;
CREATE TABLE t1(
id INT NOT NULL AUTO_INCREMENT PRIMARY KEY,
a CHAR(1) NOT NULL,
b CHAR(36) NOT NULL) ENGINE=InnoDB;
INSERT INTO t1(a,b) VALUES ('a','b');
INSERT INTO t1(a,b) SELECT a,b FROM t1;
INSERT INTO t1(a,b) SELECT a,b FROM t1;
INSERT INTO t1(a,b) SELECT a,b FROM t1;
INSERT INTO t1(a,b) SELECT a,b FROM t1;
ALTER TABLE t1 ADD KEY (a);
affected rows: 0
info: Records: 0  Duplicates: 0  Warnings: 0
EXPLAIN SELECT COUNT(*) FROM t1, t1 t2 WHERE t1.a = t2.a AND t1.b = t2.b;
id	1
select_type	SIMPLE
table	t1
type	ALL
possible_keys	a
key	NULL
key_len	NULL
ref	NULL
rows	16
Extra	NULL
id	1
select_type	SIMPLE
table	t2
type	ALL
possible_keys	a
key	NULL
key_len	NULL
ref	NULL
rows	16
Extra	Using where; Using join buffer (Block Nested Loop)
ALTER TABLE t1 DROP KEY a;
SET expand_fast_index_creation = 1;
SELECT @@expand_fast_index_creation;
@@expand_fast_index_creation
1
ALTER TABLE t1 ADD KEY (a);
affected rows: 0
info: Records: 0  Duplicates: 0  Warnings: 0
EXPLAIN SELECT COUNT(*) FROM t1, t1 t2 WHERE t1.a = t2.a AND t1.b = t2.b;
id	1
select_type	SIMPLE
table	t1
type	ALL
possible_keys	a
key	NULL
key_len	NULL
ref	NULL
rows	16
Extra	NULL
id	1
select_type	SIMPLE
table	t2
type	ALL
possible_keys	a
key	NULL
key_len	NULL
ref	NULL
rows	16
Extra	Using where; Using join buffer (Block Nested Loop)
SET expand_fast_index_creation = 0;
DROP TABLE t1;
