DROP TABLE IF EXISTS t1;
CREATE TABLE t1 (
id BIGINT(20) AUTO_INCREMENT PRIMARY KEY,
bar BIGINT(20)
) ENGINE=InnoDB;
SELECT COUNT(*) FROM t1;
COUNT(*)
517672
ALTER TABLE t1 ADD INDEX baz (bar);
SELECT COUNT(*) FROM t1 FORCE INDEX (baz);
COUNT(*)
517672
DROP TABLE t1;
