SELECT * FROM INFORMATION_SCHEMA.XTRADB_READ_VIEW;
READ_VIEW_UNDO_NUMBER	READ_VIEW_LOW_LIMIT_TRX_NUMBER	READ_VIEW_UPPER_LIMIT_TRX_ID	READ_VIEW_LOW_LIMIT_TRX_ID
CREATE TABLE t1 (a int primary key) ENGINE=INNODB;
INSERT INTO t1 VALUES (1);
BEGIN;
SELECT * FROM t1;
a
1
SELECT * FROM INFORMATION_SCHEMA.XTRADB_READ_VIEW;
READ_VIEW_UNDO_NUMBER	READ_VIEW_LOW_LIMIT_TRX_NUMBER	READ_VIEW_UPPER_LIMIT_TRX_ID	READ_VIEW_LOW_LIMIT_TRX_ID
#	#	#	#
COMMIT;
SELECT * FROM INFORMATION_SCHEMA.XTRADB_READ_VIEW;
READ_VIEW_UNDO_NUMBER	READ_VIEW_LOW_LIMIT_TRX_NUMBER	READ_VIEW_UPPER_LIMIT_TRX_ID	READ_VIEW_LOW_LIMIT_TRX_ID
DROP TABLE t1;
